{"cameraMode":{"drawMode":0,"name":"Shaded","section":"Shading Mode"},"sceneLighting":false,"audioPlay":false,"sceneViewState":{"showFog":true,"showMaterialUpdate":false,"showSkybox":false,"showFlares":true,"showImageEffects":true,"showParticleSystems":true},"in2DMode":false,"pivot":{"x":0.0,"y":-0.009000003337860108,"z":0.04900002479553223},"rotation":{"x":0.05129203200340271,"y":-0.9468655586242676,"z":0.2529001832008362,"w":0.19203010201454163},"size":1.9000000953674317,"orthographic":false}